{
    "octahedral": [
        8.275834202490747,
        -87.5682611571868,
        926.5773303898958,
        0.0,
        0.0,
        0.0,
        0.6455015283960706,
        -19.66201172948664,
        -6.830181107173228,
        208.0476887133821,
        0.0,
        0.0,
        0.0,
        0.0,
        0.050348063163983964,
        -1.5336047475317072,
        46.713684178704085,
        0.0,
        0.0,
        0.0
    ],
    "trigonal_bipyramidal": [
        5.747107085062072,
        -60.81129247026863,
        643.4564794375343,
        1.825641405415959e-12,
        -1.336867217684313e-11,
        9.789512619603371e-11,
        0.5379179403300144,
        -16.385009774570847,
        -5.691817589311495,
        173.37307392783276,
        0.0,
        0.0,
        0.0,
        0.0,
        0.050348063163983964,
        -1.5336047475317072,
        46.713684178704085,
        0.0,
        0.0,
        0.0
    ],
    "pentagonal_bipyramidal": [
        11.264329886722969,
        -119.19013324172653,
        1261.174699697421,
        3.9138198278778315e-12,
        -2.8659831516238267e-11,
        2.0986810294344586e-10,
        0.7530851164620639,
        -22.939013684400518,
        -7.968544625035632,
        242.72230349895182,
        0.0,
        0.0,
        0.0,
        0.0,
        0.050348063163983964,
        -1.5336047475317072,
        46.713684178704085,
        0.0,
        0.0,
        0.0
    ],
    "seesaw": [
        3.6781485344399547,
        -38.91922718097193,
        411.81214683999633,
        0.11522802448297301,
        -0.8437833036921687,
        6.178794323553443,
        0.43033435226402494,
        -13.108007819657086,
        -4.553454071449054,
        138.6984591422619,
        0.0,
        0.0,
        0.0,
        0.0,
        0.050348063163983964,
        -1.5336047475317072,
        46.713684178704085,
        0.0,
        0.0,
        0.0
    ],
    "seesaw_rectangular": [
        3.6781485344403353,
        -38.91922718097193,
        411.81214683995375,
        0.23045513165648776,
        -1.687559890177984,
        12.357539458841364,
        0.4303343522640472,
        -13.108007819657763,
        -4.55345407144882,
        138.69845914225473,
        0.0,
        0.0,
        0.0,
        0.0,
        0.050348063163983964,
        -1.5336047475317072,
        46.713684178704085,
        0.0,
        0.0,
        0.0
    ],
    "tetrahedral": [
        3.6781485344404423,
        -38.91922718097192,
        411.81214683994165,
        4.289593768197565e-12,
        -3.141152255721604e-11,
        2.3001799300381873e-10,
        0.4303343522640534,
        -13.108007819657955,
        -4.553454071448752,
        138.69845914225272,
        0.0,
        0.0,
        0.0,
        0.0,
        0.050348063163983964,
        -1.5336047475317072,
        46.713684178704085,
        0.0,
        0.0,
        0.0
    ],
    "square_pyramidal": [
        5.747107085063025,
        -60.81129247026863,
        643.4564794374276,
        0.11522756582824388,
        -0.843779945088992,
        6.178769729420682,
        0.537917940330059,
        -16.385009774572207,
        -5.691817589311023,
        173.3730739278184,
        0.0,
        0.0,
        0.0,
        0.0,
        0.050348063163983964,
        -1.5336047475317072,
        46.713684178704085,
        0.0,
        0.0,
        0.0
    ],
    "trigonal_planar_squeezed": [
        2.068958550623218,
        -21.892065289296724,
        231.64433259741497,
        0.019769924777604007,
        -0.14476975126017308,
        1.0601092880067298,
        0.3227507641980767,
        -9.831005864744583,
        -3.4150905535861797,
        104.0238443566778,
        0.0,
        0.0,
        0.0,
        0.0,
        0.050348063163983964,
        -1.5336047475317072,
        46.713684178704085,
        0.0,
        0.0,
        0.0
    ],
    "pentagonal_pyramidal": [
        8.275834202490268,
        -87.56826115718681,
        926.57733038995,
        0.1152275658321577,
        -0.8437799451176519,
        6.178769729630551,
        0.6455015283960518,
        -19.662011729486068,
        -6.830181107173429,
        208.0476887133882,
        0.0,
        0.0,
        0.0,
        0.0,
        0.050348063163983964,
        -1.5336047475317072,
        46.713684178704085,
        0.0,
        0.0,
        0.0
    ],
    "trigonal_pyramidal": [
        3.678148534439569,
        -38.9192271809719,
        411.812146840039,
        0.11522756583006952,
        -0.8437799451023608,
        6.178769729518577,
        0.43033435226400235,
        -13.108007819656398,
        -4.553454071449291,
        138.6984591422691,
        0.0,
        0.0,
        0.0,
        0.0,
        0.050348063163983964,
        -1.5336047475317072,
        46.713684178704085,
        0.0,
        0.0,
        0.0
    ],
    "bent": [
        0.9195371336098213,
        -9.729806795242977,
        102.95303671001773,
        0.11473364700779491,
        -0.8401631126740017,
        6.152284654998467,
        0.21516717613199285,
        -6.554003909827945,
        -2.2767270357247336,
        69.34922957113724,
        0.0,
        0.0,
        0.0,
        0.0,
        0.050348063163983964,
        -1.5336047475317072,
        46.713684178704085,
        0.0,
        0.0,
        0.0
    ],
    "t_shaped": [
        2.0689585506224013,
        -21.8920652892967,
        231.64433259750598,
        0.11522756582818428,
        -0.8437799450886679,
        6.178769729419134,
        0.32275076419801296,
        -9.831005864742641,
        -3.4150905535868503,
        104.02384435669825,
        0.0,
        0.0,
        0.0,
        0.0,
        0.050348063163983964,
        -1.5336047475317072,
        46.713684178704085,
        0.0,
        0.0,
        0.0
    ],
    "ferrocene": [
        3.6781485344408638,
        -38.9192271809719,
        411.812146839894,
        0.1308446199757308,
        -0.9581393607053891,
        7.016192447983026,
        0.43033435226407807,
        -13.108007819658704,
        -4.553454071448489,
        138.6984591422447,
        0.0,
        0.0,
        0.0,
        0.0,
        0.050348063163983964,
        -1.5336047475317072,
        46.713684178704085,
        0.0,
        0.0,
        0.0
    ],
    "square_antiprismatic": [
        14.712594137752061,
        -155.6769087238875,
        1647.2485873608493,
        3.374872161229083e-33,
        -7.822325326672258e-35,
        1.8130693725007383e-36,
        0.8606687045278228,
        -26.21601563930726,
        -9.106908142900497,
        277.3969182845966,
        0.0,
        0.0,
        0.0,
        0.0,
        0.050348063163983964,
        -1.5336047475317072,
        46.713684178704085,
        0.0,
        0.0,
        0.0
    ],
    "linear_cn2": [
        0.9195371336100838,
        -9.729806795242983,
        102.95303670998844,
        0.0,
        0.0,
        0.0,
        0.2151671761320236,
        -6.554003909828881,
        -2.27672703572441,
        69.34922957112737,
        0.0,
        0.0,
        0.0,
        0.0,
        0.050348063163983964,
        -1.5336047475317072,
        46.713684178704085,
        0.0,
        0.0,
        0.0
    ],
    "trigonal_bent": [
        2.068958550622626,
        -21.892065289296692,
        231.64433259748066,
        0.11522828072376108,
        -0.8437851800733189,
        6.178808063778984,
        0.3227507641980305,
        -9.831005864743172,
        -3.4150905535866634,
        104.02384435669256,
        0.0,
        0.0,
        0.0,
        0.0,
        0.050348063163983964,
        -1.5336047475317072,
        46.713684178704085,
        0.0,
        0.0,
        0.0
    ],